{
  "contentTabBox": {
    "height": 48,
    "width": 178.84375,
    "x": 340.328125,
    "y": 417
  },
  "titleBox": {
    "height": 75,
    "width": 896,
    "x": 152.5,
    "y": 220
  }
}