{
  "homeBox": {
    "height": 64,
    "width": 200.21875,
    "x": 729.484375,
    "y": 588.5
  },
  "courseBox": {
    "height": 31,
    "width": 286.328125,
    "x": 353,
    "y": 711
  },
  "searchBox": {
    "height": 42,
    "width": 576,
    "x": 436.9375,
    "y": 18.5
  }
}